<?xml version="1.0"?>
<opencv_storage>
<cascade>
  <stageType>BOOST</stageType>
  <featureType>LBP</featureType>
  <height>40</height>
  <width>40</width>
  <stageParams>
    <boostType>GAB</boostType>
    <minHitRate>9.9500000476837158e-001</minHitRate>
    <maxFalseAlarm>9.9999999392252903e-009</maxFalseAlarm>
    <weightTrimRate>9.4999999999999996e-001</weightTrimRate>
    <maxDepth>1</maxDepth>
    <maxWeakCount>100</maxWeakCount></stageParams>
  <featureParams>
    <maxCatCount>256</maxCatCount>
    <featSize>1</featSize></featureParams>
  <stageNum>10</stageNum>
  <stages>
    <!-- stage 0 -->
    <_>
      <maxWeakCount>3</maxWeakCount>
      <stageThreshold>1.0006301403045654e+000</stageThreshold>
      <weakClassifiers>
        <_>
          <internalNodes>
            0 -1 21 -1056844893 -1828388606 5131 -1859583723 -1065222005
            8390665 -2130607953 -1077173589</internalNodes>
          <leafValues>
            -9.8347109556198120e-001 1.</leafValues></_>
        <_>
          <internalNodes>
            0 -1 17 -2067687205 -1726906368 8223 -1862205439 -796917350
            -1601044471 176259210 -1416953685</internalNodes>
          <leafValues>
            -9.9180269241333008e-001 9.9225550889968872e-001</leafValues></_>
        <_>
          <internalNodes>
            0 -1 20 -784219765 822182017 1073741827 1393623041
            1073774763 -2013167488 -369096053 -1087405941</internalNodes>
          <leafValues>
            -9.9201512336730957e-001 9.9243277311325073e-001</leafValues></_></weakClassifiers></_>
    <!-- stage 1 -->
    <_>
      <maxWeakCount>3</maxWeakCount>
      <stageThreshold>9.9425667524337769e-001</stageThreshold>
      <weakClassifiers>
        <_>
          <internalNodes>
            0 -1 15 -16385 -1 -33554273 -1 -16385 -536870913 -1073758273
            -1074020357</internalNodes>
          <leafValues>
            -9.8340249061584473e-001 9.9196785688400269e-001</leafValues></_>
        <_>
          <internalNodes>
            0 -1 10 889427447 -15657979 265 -141835933 143037167
            -620560317 -2139026801 -111042037</internalNodes>
          <leafValues>
            -9.7603052854537964e-001 9.9225425720214844e-001</leafValues></_>
        <_>
          <internalNodes>
            0 -1 3 1427182029 -720351103 822150417 -243203815
            -2147426129 -1660844006 -2013134674 -84862293</internalNodes>
          <leafValues>
            -9.8453515768051147e-001 9.8540490865707397e-001</leafValues></_></weakClassifiers></_>
    <!-- stage 2 -->
    <_>
      <maxWeakCount>3</maxWeakCount>
      <stageThreshold>9.0513980388641357e-001</stageThreshold>
      <weakClassifiers>
        <_>
          <internalNodes>
            0 -1 24 -783231489 956305563 1346510851 -503216085
            -802945650 1092747280 -1866366802 -337919861</internalNodes>
          <leafValues>
            -9.7457629442214966e-001 9.4488191604614258e-001</leafValues></_>
        <_>
          <internalNodes>
            0 -1 11 -648949067 -654274271 -2146401021 1350238211
            -1061060207 -876541810 1092716715 -1141931873</internalNodes>
          <leafValues>
            -9.5567727088928223e-001 9.4230741262435913e-001</leafValues></_>
        <_>
          <internalNodes>
            0 -1 32 -799475745 -1873706491 -1610084214 -1828616191
            1619018769 431284 -1098905718 -19938886</internalNodes>
          <leafValues>
            -9.6750891208648682e-001 9.3740868568420410e-001</leafValues></_></weakClassifiers></_>
    <!-- stage 3 -->
    <_>
      <maxWeakCount>3</maxWeakCount>
      <stageThreshold>8.5277026891708374e-001</stageThreshold>
      <weakClassifiers>
        <_>
          <internalNodes>
            0 -1 14 -16385 -1 -17409 -19836 -16385 1073741823 -17473 -2</internalNodes>
          <leafValues>
            -9.1869920492172241e-001 9.6721309423446655e-001</leafValues></_>
        <_>
          <internalNodes>
            0 -1 23 -400561209 1086558346 -1476395002 348983559 491520
            -2147481600 1384120331 -1361384669</internalNodes>
          <leafValues>
            -9.9216967821121216e-001 8.7116879224777222e-001</leafValues></_>
        <_>
          <internalNodes>
            0 -1 12 269054423 -150896639 -1879047723 -1652359151
            33554616 -859174774 -2139045748 -150910975</internalNodes>
          <leafValues>
            -9.4109022617340088e-001 9.0030068159103394e-001</leafValues></_></weakClassifiers></_>
    <!-- stage 4 -->
    <_>
      <maxWeakCount>4</maxWeakCount>
      <stageThreshold>1.7663239240646362e+000</stageThreshold>
      <weakClassifiers>
        <_>
          <internalNodes>
            0 -1 5 2030207451 -1950218221 268501249 -268402687
            -2138406743 -1468006391 -1718974305 -376733041</internalNodes>
          <leafValues>
            -9.6536797285079956e-001 8.9961391687393188e-001</leafValues></_>
        <_>
          <internalNodes>
            0 -1 25 1937826719 -1055842141 1812103191 -1235681280
            -1316454230 -637238879 1942154158 -285033573</internalNodes>
          <leafValues>
            -9.1882234811782837e-001 9.4395440816879272e-001</leafValues></_>
        <_>
          <internalNodes>
            0 -1 30 -800232459 -2137259903 -2146861053 -116195182 34948
            -2013167616 -921560135 -90504497</internalNodes>
          <leafValues>
            -9.6911674737930298e-001 8.7814515829086304e-001</leafValues></_>
        <_>
          <internalNodes>
            0 -1 27 -503197551 -2146785152 -2146954879 -1602224000
            -1467973400 -2147482620 -2080374033 -357854568</internalNodes>
          <leafValues>
            -9.4163495302200317e-001 9.0959233045578003e-001</leafValues></_></weakClassifiers></_>
    <!-- stage 5 -->
    <_>
      <maxWeakCount>5</maxWeakCount>
      <stageThreshold>6.0945940017700195e-001</stageThreshold>
      <weakClassifiers>
        <_>
          <internalNodes>
            0 -1 33 -1857562753 -1820270270 21299475 -582807514
            -1045839743 -262135592 -225312255 -324285855</internalNodes>
          <leafValues>
            -9.7297298908233643e-001 8.4328359365463257e-001</leafValues></_>
        <_>
          <internalNodes>
            0 -1 37 -748823781 -654007791 -1072168949 -620658551
            -2080276224 -2113780703 -1472159040 -391329152</internalNodes>
          <leafValues>
            -9.5821541547775269e-001 8.2682543992996216e-001</leafValues></_>
        <_>
          <internalNodes>
            0 -1 22 -715867297 -461322937 -1189937101 -947682617
            1076396289 -532642621 -1715271648 -75371901</internalNodes>
          <leafValues>
            -8.7332475185394287e-001 8.7179052829742432e-001</leafValues></_>
        <_>
          <internalNodes>
            0 -1 6 -577903619 1347469312 10 -570392544 -1072788293
            77611419 -401896693 -5698933</internalNodes>
          <leafValues>
            -9.6188914775848389e-001 7.7705985307693481e-001</leafValues></_>
        <_>
          <internalNodes>
            0 -1 29 -1071129193 402718771 688062811 -1610510078
            -2079743225 -2138980214 -469696511 -2029048973</internalNodes>
          <leafValues>
            -9.4574058055877686e-001 8.2065612077713013e-001</leafValues></_></weakClassifiers></_>
    <!-- stage 6 -->
    <_>
      <maxWeakCount>5</maxWeakCount>
      <stageThreshold>7.4598205089569092e-001</stageThreshold>
      <weakClassifiers>
        <_>
          <internalNodes>
            0 -1 7 5767167 -243 -17 -4097 -1 -17 -32758 -824242421</internalNodes>
          <leafValues>
            -7.7952754497528076e-001 8.8135594129562378e-001</leafValues></_>
        <_>
          <internalNodes>
            0 -1 34 -989744963 1224770577 -2079784957 1568669701
            -1065320448 -1197440895 491389248 -542469949</internalNodes>
          <leafValues>
            -9.1836655139923096e-001 7.5529509782791138e-001</leafValues></_>
        <_>
          <internalNodes>
            0 -1 13 -1861979965 562561297 289473609 -584036081
            -1736343535 -2145255416 -1575835445 -6117232</internalNodes>
          <leafValues>
            -8.4297221899032593e-001 8.1342804431915283e-001</leafValues></_>
        <_>
          <internalNodes>
            0 -1 8 269599061 -1778315261 86507523 -1786576555
            -1878453845 167870465 -1845065685 1329006602</internalNodes>
          <leafValues>
            -8.7907016277313232e-001 8.1939852237701416e-001</leafValues></_>
        <_>
          <internalNodes>
            0 -1 19 318808192 537986072 51644621 -654212863 948486346
            -503283584 -1835999093 -305430365</internalNodes>
          <leafValues>
            -8.2502681016921997e-001 8.4473556280136108e-001</leafValues></_></weakClassifiers></_>
    <!-- stage 7 -->
    <_>
      <maxWeakCount>4</maxWeakCount>
      <stageThreshold>1.5198272466659546e+000</stageThreshold>
      <weakClassifiers>
        <_>
          <internalNodes>
            0 -1 31 1094836279 -2113142776 4227153 -1046970035
            1093058699 -2146844661 -928939454 -169394093</internalNodes>
          <leafValues>
            -9.2070484161376953e-001 8.3269959688186646e-001</leafValues></_>
        <_>
          <internalNodes>
            0 -1 2 1213224959 -2062499775 65676 289408068 -1073065767
            -1878794226 -1065287549 -1483242869</internalNodes>
          <leafValues>
            -8.7260657548904419e-001 8.5096842050552368e-001</leafValues></_>
        <_>
          <internalNodes>
            0 -1 36 -1476361950 -2113568767 -798752421 -2012151743
            -2012756810 -1996390392 -1943342933 -1469855269</internalNodes>
          <leafValues>
            -9.1174858808517456e-001 8.0407124757766724e-001</leafValues></_>
        <_>
          <internalNodes>
            0 -1 4 -489508074 1358955279 -1861742590 -645883776 34906779
            574685184 -1165422585 -88869640</internalNodes>
          <leafValues>
            -9.5083367824554443e-001 7.8549242019653320e-001</leafValues></_></weakClassifiers></_>
    <!-- stage 8 -->
    <_>
      <maxWeakCount>3</maxWeakCount>
      <stageThreshold>7.6241683959960938e-001</stageThreshold>
      <weakClassifiers>
        <_>
          <internalNodes>
            0 -1 1 -1056631471 -1186787247 -200998447 -788199911
            -2013232887 1895895041 -2067146027 -97506287</internalNodes>
          <leafValues>
            -9.7321426868438721e-001 8.5714286565780640e-001</leafValues></_>
        <_>
          <internalNodes>
            0 -1 28 -752318555 1359024129 268439811 537003520 -507471860
            -1610477183 -1878882246 -1323072985</internalNodes>
          <leafValues>
            -9.5061039924621582e-001 8.1849426031112671e-001</leafValues></_>
        <_>
          <internalNodes>
            0 -1 18 319951473 1435567241 420511780 1033011216 42471557
            -754974719 -385828696 -90930519</internalNodes>
          <leafValues>
            -8.5213834047317505e-001 9.1713684797286987e-001</leafValues></_></weakClassifiers></_>
    <!-- stage 9 -->
    <_>
      <maxWeakCount>5</maxWeakCount>
      <stageThreshold>8.1231129169464111e-001</stageThreshold>
      <weakClassifiers>
        <_>
          <internalNodes>
            0 -1 16 -11 -129 -1 -131083 2146826239 -524289 -9044105
            -1115365411</internalNodes>
          <leafValues>
            -7.8048777580261230e-001 8.2786887884140015e-001</leafValues></_>
        <_>
          <internalNodes>
            0 -1 0 -733510253 -1595801326 1 -926838784 36 1610760704
            -2145353597 -358153981</internalNodes>
          <leafValues>
            -7.3347973823547363e-001 8.7284302711486816e-001</leafValues></_>
        <_>
          <internalNodes>
            0 -1 35 1210450332 -1340047359 1358956544 2015363080 2097216
            134251137 -2130542050 -662028280</internalNodes>
          <leafValues>
            -8.8380545377731323e-001 7.8016531467437744e-001</leafValues></_>
        <_>
          <internalNodes>
            0 -1 26 272646149 1342275873 16941073 -251625471 58720775
            -2130575360 1180032 -1026899950</internalNodes>
          <leafValues>
            -8.3717060089111328e-001 8.2370412349700928e-001</leafValues></_>
        <_>
          <internalNodes>
            0 -1 9 1075413122 16777217 9242633 71893271 -1017110011
            -1056964608 4818275 -259325946</internalNodes>
          <leafValues>
            -8.2829928398132324e-001 8.5912203788757324e-001</leafValues></_></weakClassifiers></_></stages>
  <features>
    <_>
      <rect>
        1 1 6 12</rect></_>
    <_>
      <rect>
        1 7 10 5</rect></_>
    <_>
      <rect>
        2 6 7 9</rect></_>
    <_>
      <rect>
        2 7 10 6</rect></_>
    <_>
      <rect>
        2 16 3 4</rect></_>
    <_>
      <rect>
        5 3 4 4</rect></_>
    <_>
      <rect>
        5 7 6 9</rect></_>
    <_>
      <rect>
        5 16 7 8</rect></_>
    <_>
      <rect>
        6 23 5 5</rect></_>
    <_>
      <rect>
        6 29 3 3</rect></_>
    <_>
      <rect>
        7 6 9 6</rect></_>
    <_>
      <rect>
        7 14 5 6</rect></_>
    <_>
      <rect>
        7 22 5 2</rect></_>
    <_>
      <rect>
        7 24 1 1</rect></_>
    <_>
      <rect>
        8 9 9 5</rect></_>
    <_>
      <rect>
        9 8 9 5</rect></_>
    <_>
      <rect>
        9 19 4 3</rect></_>
    <_>
      <rect>
        10 2 8 8</rect></_>
    <_>
      <rect>
        10 12 2 1</rect></_>
    <_>
      <rect>
        10 25 4 2</rect></_>
    <_>
      <rect>
        11 7 5 6</rect></_>
    <_>
      <rect>
        12 10 3 4</rect></_>
    <_>
      <rect>
        12 11 3 6</rect></_>
    <_>
      <rect>
        16 8 1 3</rect></_>
    <_>
      <rect>
        16 9 6 8</rect></_>
    <_>
      <rect>
        16 15 6 5</rect></_>
    <_>
      <rect>
        17 10 1 1</rect></_>
    <_>
      <rect>
        17 14 1 1</rect></_>
    <_>
      <rect>
        18 8 6 8</rect></_>
    <_>
      <rect>
        18 13 2 9</rect></_>
    <_>
      <rect>
        19 0 5 5</rect></_>
    <_>
      <rect>
        19 9 2 3</rect></_>
    <_>
      <rect>
        19 15 4 4</rect></_>
    <_>
      <rect>
        20 10 1 2</rect></_>
    <_>
      <rect>
        25 6 4 3</rect></_>
    <_>
      <rect>
        26 21 1 1</rect></_>
    <_>
      <rect>
        27 28 2 2</rect></_>
    <_>
      <rect>
        30 22 1 2</rect></_></features></cascade>
</opencv_storage>
