<?xml version="1.0"?>
<opencv_storage>
<params>
  <stageType>BOOST</stageType>
  <featureType>LBP</featureType>
  <height>40</height>
  <width>40</width>
  <stageParams>
    <boostType>GAB</boostType>
    <minHitRate>9.9500000476837158e-001</minHitRate>
    <maxFalseAlarm>9.9999999392252903e-009</maxFalseAlarm>
    <weightTrimRate>9.4999999999999996e-001</weightTrimRate>
    <maxDepth>1</maxDepth>
    <maxWeakCount>100</maxWeakCount></stageParams>
  <featureParams>
    <maxCatCount>256</maxCatCount>
    <featSize>1</featSize></featureParams></params>
</opencv_storage>
